{"[VALIDATION] Mean Episode Reward (3 Episodes)": 64.98745306873319, "[TRAIN] Episode Reward": 48.27075919022088, "[TRAIN] Policy Loss": -2.6089231967926025, "[TRAIN] avg_mu_v": 0.6341962814331055, "[TRAIN] avg_std_v": 2.0, "[TRAIN] avg_action": 0.26966291666030884, "Training Episode": 13139, "Training Steps": 13139, "_timestamp": 1717128976.1170535, "_runtime": 1628.3038775920868, "_step": 13138, "_wandb": {"runtime": 1627}}