{"[VALIDATION] Mean Episode Reward (3 Episodes)": 88.46795187513654, "[TRAIN] Episode Reward": -80.92263218442204, "[TRAIN] Policy Loss": -7.215951442718506, "[TRAIN] avg_mu_v": -0.0054765199311077595, "[TRAIN] avg_std_v": 2.0, "[TRAIN] avg_action": -0.006319115404039621, "Training Episode": 7500, "Training Steps": 7500, "_timestamp": 1717137432.8327906, "_runtime": 1284.6797225475311, "_step": 7499, "_wandb": {"runtime": 1284}}