{"[VALIDATION] Mean Episode Reward (3 Episodes)": 78.07487915729105, "[TRAIN] Episode Reward": 26.37929356688413, "[TRAIN] Policy Loss": -3.181361198425293, "[TRAIN] avg_mu_v": 0.1309957057237625, "[TRAIN] avg_std_v": 2.0, "[TRAIN] avg_action": 0.0450819656252861, "Training Episode": 12823, "Training Steps": 12823, "_timestamp": 1717133698.0030184, "_runtime": 1810.6688764095306, "_step": 12822, "_wandb": {"runtime": 1810}}