{"[VALIDATION] Mean Episode Reward (3 Episodes)": -0.25728511426650974, "[TRAIN] Episode Reward": -305.01772412670056, "[TRAIN] Policy Loss": -16.73356819152832, "[TRAIN] avg_mu_v": 0.021106796339154243, "[TRAIN] avg_std_v": 2.0, "[TRAIN] avg_action": -0.013013012707233429, "Training Episode": 4812, "Training Steps": 4812, "_timestamp": 1717134835.811695, "_runtime": 1112.8042390346527, "_step": 4811, "_wandb": {"runtime": 1112}}