{"[VALIDATION] Mean Episode Reward (3 Episodes)": 27.740031896329203, "[TRAIN] Episode Reward": -29.458683657769683, "[TRAIN] Policy Loss": -4.455384254455566, "[TRAIN] avg_mu_v": 0.2515444755554199, "[TRAIN] avg_std_v": 2.0, "[TRAIN] avg_action": 0.09237875044345856, "Training Episode": 5942, "Training Steps": 5942, "_timestamp": 1717131867.9225214, "_runtime": 2837.214195251465, "_step": 5941, "_wandb": {"runtime": 2836}}