{"[VALIDATION] Mean Episode Reward (3 Episodes)": -236.5907115040161, "[TRAIN] Episode Reward": -13.628461118893853, "[TRAIN] Policy Loss": -11.172683715820312, "[TRAIN] avg_mu_v": 0.8009331822395325, "[TRAIN] avg_std_v": 2.0, "[TRAIN] avg_action": 0.2458563596010208, "Training Episode": 9510, "Training Steps": 9510, "_timestamp": 1717127332.5039294, "_runtime": 1457.5686573982239, "_step": 9509, "_wandb": {"runtime": 1457}}