{"[VALIDATION] Mean Episode Reward (3 Episodes)": -1500, "[TRAIN] Episode Reward": -316.23679927915765, "[TRAIN] Policy Loss": -2.2812423706054688, "[TRAIN] avg_mu_v": -0.6796010136604309, "[TRAIN] avg_std_v": 2.6855013370513916, "[TRAIN] avg_action": -0.1931931972503662, "Training Episode": 48, "Training Steps": 48, "_timestamp": 1717124558.0069299, "_runtime": 12.43849778175354, "_step": 47, "_wandb": {"runtime": 12}}