{"[VALIDATION] Mean Episode Reward (3 Episodes)": -0.05103811266082275, "[TRAIN] Episode Reward": -291.10428849340457, "[TRAIN] Policy Loss": -18.1297607421875, "[TRAIN] avg_mu_v": -0.059038788080215454, "[TRAIN] avg_std_v": 2.0, "[TRAIN] avg_action": -0.01901901885867119, "Training Episode": 5030, "Training Steps": 5030, "_timestamp": 1717136136.2934945, "_runtime": 1287.6397414207458, "_step": 5029, "_wandb": {"runtime": 1287}}