{"[VALIDATION] Mean Episode Reward (3 Episodes)": -242.96218087652133, "[TRAIN] Episode Reward": -303.3335883201045, "[TRAIN] Policy Loss": -5.1974592208862305, "[TRAIN] avg_mu_v": -0.6426580548286438, "[TRAIN] avg_std_v": 2.0, "[TRAIN] avg_action": -0.2432432472705841, "Training Episode": 4347, "Training Steps": 4347, "_timestamp": 1717125766.433568, "_runtime": 1162.093808889389, "_step": 4346, "_wandb": {"runtime": 1161}}